{
    "fabric": {
        "au_pro": 0.6097539023182729,
        "classification_au_roc": 0.9833333333317222,
        "classification_roc_curve_fpr": [
            0.0,
            0.0,
            0.0,
            0.0,
            0.0,
            0.0,
            0.0,
            0.0,
            0.0,
            0.0,
            0.0,
            0.0,
            0.0,
            0.0,
            0.0,
            0.0,
            0.0,
            0.0,
            0.0,
            0.0,
            0.0,
            0.0,
            0.0,
            0.0,
            0.0,
            0.0,
            0.0,
            0.0,
            0.0,
            0.0,
            1.0
        ],
        "classification_roc_curve_tpr": [
            0.0,
            0.03333333333322223,
            0.06666666666644445,
            0.09999999999966667,
            0.1333333333328889,
            0.16666666666611113,
            0.19999999999933335,
            0.23333333333255557,
            0.2666666666657778,
            0.299999999999,
            0.33333333333222226,
            0.36666666666544445,
            0.3999999999986667,
            0.4333333333318889,
            0.46666666666511114,
            0.4999999999983334,
            0.5333333333315556,
            0.5666666666647778,
            0.599999999998,
            0.6333333333312222,
            0.6666666666644445,
            0.6999999999976667,
            0.7333333333308889,
            0.7666666666641112,
            0.7999999999973334,
            0.8333333333305556,
            0.8666666666637778,
            0.8999999999970001,
            0.9333333333302223,
            0.9666666666634445,
            1.0
        ]
    },
    "mean_au_pro": 0.6097539023182729,
    "mean_classification_au_roc": 0.9833333333317222
}