{
    "fabric": {
        "au_pro": 0.5992679611152629,
        "classification_au_roc": 0.9749999999976251,
        "classification_roc_curve_fpr": [
            0.0,
            0.0,
            0.0,
            0.0,
            0.0,
            0.0,
            0.0,
            0.0,
            0.0,
            0.0,
            0.0,
            0.0,
            0.0,
            0.0,
            0.0,
            0.0,
            0.0,
            0.0,
            0.0,
            0.0,
            1.0
        ],
        "classification_roc_curve_tpr": [
            0.0,
            0.04999999999975,
            0.0999999999995,
            0.14999999999925,
            0.199999999999,
            0.24999999999875003,
            0.2999999999985,
            0.34999999999825004,
            0.399999999998,
            0.44999999999775003,
            0.49999999999750006,
            0.54999999999725,
            0.599999999997,
            0.6499999999967501,
            0.6999999999965001,
            0.7499999999962501,
            0.799999999996,
            0.84999999999575,
            0.8999999999955001,
            0.9499999999952501,
            1.0
        ]
    },
    "mean_au_pro": 0.5992679611152629,
    "mean_classification_au_roc": 0.9749999999976251
}