{
    "visible": {
        "au_pro": 0.7352009122741475,
        "classification_au_roc": 0.9972375690604989,
        "classification_roc_curve_fpr": [
            0.0,
            0.0,
            0.0,
            0.0,
            0.0,
            0.0,
            0.0,
            0.0,
            0.0,
            0.0,
            0.0,
            0.0,
            0.0,
            0.0,
            0.0,
            0.0,
            0.0,
            0.0,
            0.0,
            0.0,
            0.0,
            0.0,
            0.0,
            0.0,
            0.0,
            0.0,
            0.0,
            0.0,
            0.0,
            0.0,
            0.0,
            0.0,
            0.0,
            0.0,
            0.0,
            0.0,
            0.0,
            0.0,
            0.0,
            0.0,
            0.0,
            0.0,
            0.0,
            0.0,
            0.0,
            0.0,
            0.0,
            0.0,
            0.0,
            0.0,
            0.0,
            0.0,
            0.0,
            0.0,
            0.0,
            0.0,
            0.0,
            0.0,
            0.0,
            0.0,
            0.0,
            0.0,
            0.0,
            0.0,
            0.0,
            0.0,
            0.0,
            0.0,
            0.0,
            0.0,
            0.0,
            0.0,
            0.0,
            0.0,
            0.0,
            0.0,
            0.0,
            0.0,
            0.0,
            0.0,
            0.0,
            0.0,
            0.0,
            0.0,
            0.0,
            0.0,
            0.0,
            0.0,
            0.0,
            0.0,
            0.0,
            0.0,
            0.0,
            0.0,
            0.0,
            0.0,
            0.0,
            0.0,
            0.0,
            0.0,
            0.0,
            0.0,
            0.0,
            0.0,
            0.0,
            0.0,
            0.0,
            0.0,
            0.0,
            0.0,
            0.0,
            0.0,
            0.0,
            0.0,
            0.0,
            0.0,
            0.0,
            0.0,
            0.0,
            0.0,
            0.0,
            0.0,
            0.0,
            0.0,
            0.0,
            0.0,
            0.0,
            0.0,
            0.0,
            0.0,
            0.0,
            0.0,
            0.0,
            0.0,
            0.0,
            0.0,
            0.0,
            0.0,
            0.0,
            0.0,
            0.0,
            0.0,
            0.0,
            0.0,
            0.0,
            0.0,
            0.0,
            0.0,
            0.0,
            0.0,
            0.0,
            0.0,
            0.0,
            0.0,
            0.0,
            0.0,
            0.0,
            0.0,
            0.0,
            0.0,
            0.0,
            0.0,
            0.0,
            0.0,
            0.0,
            0.0,
            0.0,
            0.0,
            0.0,
            0.0,
            0.0,
            0.0,
            0.0,
            0.0,
            0.0,
            0.0,
            0.0,
            0.0,
            0.0,
            0.0,
            0.0,
            1.0
        ],
        "classification_roc_curve_tpr": [
            0.0,
            0.005524861878449987,
            0.011049723756899974,
            0.01657458563534996,
            0.022099447513799948,
            0.027624309392249934,
            0.03314917127069992,
            0.038674033149149904,
            0.044198895027599897,
            0.04972375690604988,
            0.05524861878449987,
            0.06077348066294985,
            0.06629834254139984,
            0.07182320441984982,
            0.07734806629829981,
            0.0828729281767498,
            0.08839779005519979,
            0.09392265193364978,
            0.09944751381209976,
            0.10497237569054975,
            0.11049723756899973,
            0.11602209944744972,
            0.1215469613258997,
            0.1270718232043497,
            0.13259668508279968,
            0.13812154696124967,
            0.14364640883969965,
            0.14917127071814965,
            0.15469613259659962,
            0.16022099447504962,
            0.1657458563534996,
            0.1712707182319496,
            0.17679558011039959,
            0.18232044198884956,
            0.18784530386729956,
            0.19337016574574953,
            0.19889502762419953,
            0.2044198895026495,
            0.2099447513810995,
            0.21546961325954947,
            0.22099447513799947,
            0.22651933701644944,
            0.23204419889489944,
            0.23756906077334944,
            0.2430939226517994,
            0.2486187845302494,
            0.2541436464086994,
            0.2596685082871494,
            0.26519337016559935,
            0.2707182320440493,
            0.27624309392249935,
            0.2817679558009493,
            0.2872928176793993,
            0.2928176795578493,
            0.2983425414362993,
            0.30386740331474926,
            0.30939226519319923,
            0.31491712707164926,
            0.32044198895009923,
            0.3259668508285492,
            0.3314917127069992,
            0.3370165745854492,
            0.3425414364638992,
            0.34806629834234915,
            0.35359116022079917,
            0.35911602209924914,
            0.3646408839776991,
            0.3701657458561491,
            0.3756906077345991,
            0.3812154696130491,
            0.38674033149149906,
            0.39226519336994903,
            0.39779005524839905,
            0.403314917126849,
            0.408839779005299,
            0.414364640883749,
            0.419889502762199,
            0.42541436464064897,
            0.43093922651909894,
            0.43646408839754897,
            0.44198895027599894,
            0.4475138121544489,
            0.4530386740328989,
            0.4585635359113489,
            0.4640883977897989,
            0.46961325966824885,
            0.4751381215466989,
            0.48066298342514885,
            0.4861878453035988,
            0.4917127071820488,
            0.4972375690604988,
            0.5027624309389488,
            0.5082872928173988,
            0.5138121546958487,
            0.5193370165742988,
            0.5248618784527487,
            0.5303867403311987,
            0.5359116022096487,
            0.5414364640880986,
            0.5469613259665487,
            0.5524861878449987,
            0.5580110497234486,
            0.5635359116018986,
            0.5690607734803487,
            0.5745856353587986,
            0.5801104972372486,
            0.5856353591156986,
            0.5911602209941486,
            0.5966850828725986,
            0.6022099447510485,
            0.6077348066294985,
            0.6132596685079486,
            0.6187845303863985,
            0.6243093922648485,
            0.6298342541432985,
            0.6353591160217484,
            0.6408839779001985,
            0.6464088397786485,
            0.6519337016570984,
            0.6574585635355484,
            0.6629834254139984,
            0.6685082872924484,
            0.6740331491708984,
            0.6795580110493483,
            0.6850828729277983,
            0.6906077348062484,
            0.6961325966846983,
            0.7016574585631483,
            0.7071823204415983,
            0.7127071823200483,
            0.7182320441984983,
            0.7237569060769482,
            0.7292817679553982,
            0.7348066298338483,
            0.7403314917122982,
            0.7458563535907482,
            0.7513812154691982,
            0.7569060773476481,
            0.7624309392260982,
            0.7679558011045482,
            0.7734806629829981,
            0.7790055248614481,
            0.7845303867398981,
            0.7900552486183481,
            0.7955801104967981,
