{
    "visible": {
        "au_pro": 0.611179476688253,
        "classification_au_roc": 0.9666666666635555,
        "classification_roc_curve_fpr": [
            0.0,
            0.0,
            0.0,
            0.0,
            0.0,
            0.0,
            0.0,
            0.0,
            0.0,
            0.0,
            0.0,
            0.0,
            0.0,
            0.0,
            0.0,
            1.0
        ],
        "classification_roc_curve_tpr": [
            0.0,
            0.06666666666622222,
            0.13333333333244443,
            0.19999999999866666,
            0.26666666666488886,
            0.3333333333311111,
            0.3999999999973333,
            0.46666666666355555,
            0.5333333333297777,
            0.599999999996,
            0.6666666666622222,
            0.7333333333284444,
            0.7999999999946666,
            0.8666666666608889,
            0.9333333333271111,
            1.0
        ]
    },
    "infrared": {
        "au_pro": 0.6083538617063511,
        "classification_au_roc": 0.9666666666635555,
        "classification_roc_curve_fpr": [
            0.0,
            0.0,
            0.0,
            0.0,
            0.0,
            0.0,
            0.0,
            0.0,
            0.0,
            0.0,
            0.0,
            0.0,
            0.0,
            0.0,
            0.0,
            1.0
        ],
        "classification_roc_curve_tpr": [
            0.0,
            0.06666666666622222,
            0.13333333333244443,
            0.19999999999866666,
            0.26666666666488886,
            0.3333333333311111,
            0.3999999999973333,
            0.46666666666355555,
            0.5333333333297777,
            0.599999999996,
            0.6666666666622222,
            0.7333333333284444,
            0.7999999999946666,
            0.8666666666608889,
            0.9333333333271111,
            1.0
        ]
    },
    "mean_au_pro": 0.609766669197302,
    "mean_classification_au_roc": 0.9666666666635555
}